case_id,patient_uid_hash,pathology_uid_hash,sex,age_at_scan,scan_year,phase,layer,match_status_simplified,label_5,label_5_id,label_5_source,pathology_class_5class,tensor,fold
G0006,2e0216003a1a3326351a2bfa,5b589b46b84555048eb8e376,女,52,2023,薄层静脉期,薄层,matched,良性神经源性肿瘤,1,from_label_4,节细胞神经瘤,data/cache_96slice/tensors/G0006.pt,2
G0015,85683596c19d7f2b9c636e3e,43589a46bd3111d72355252d,男,74,2022,薄层静脉期,薄层,matched,淋巴瘤,3,from_label_4,淋巴瘤,data/cache_96slice/tensors/G0015.pt,2
G0025,b1834e9db4a6b1e614747a41,3b180fe411baae87f337c09d,女,58,2024,薄层静脉期,薄层,matched,PPGL,2,from_label_4,副神经节瘤,data/cache_96slice/tensors/G0025.pt,2
G0028,161dd715452098e592e94c6c,e526e566caf74d2d9de8b0f7,女,82,2021,薄层静脉期,薄层,matched,淋巴瘤,3,from_label_4,淋巴瘤,data/cache_96slice/tensors/G0028.pt,2
G0046,4147e1a6ae0fac6d77cb3b86,519f2a3c1ebfadacb7016091,女,57,2021,薄层静脉期,薄层,matched,PPGL,2,from_label_4,副神经节瘤,data/cache_96slice/tensors/G0046.pt,2
G0052,ec1a83daacf902d37dd7a272,00e29d3ee14dad1c4f48b285,男,72,2020,薄层静脉期,薄层,matched,淋巴瘤,3,from_label_4,淋巴瘤,data/cache_96slice/tensors/G0052.pt,2
G0059,78ca8236e9d59e9957109212,0f398f492be1c36250376257,男,65,2022,薄层静脉期,薄层,matched,淋巴瘤,3,from_label_4,淋巴瘤,data/cache_96slice/tensors/G0059.pt,2
G0063,0fb3481587da6f1a8d19417c,d7ff1c8e4e130bf843edabad,女,64,2020,薄层门脉期,薄层,matched,淋巴瘤,3,from_label_4,淋巴瘤,data/cache_96slice/tensors/G0063.pt,2
G0084,8b7384d1b6dd12a08341f261,7b698ced285db5341ea91d07,女,46,2018,薄层静脉期,薄层,matched,淋巴瘤,3,from_label_4,淋巴瘤,data/cache_96slice/tensors/G0084.pt,2
G0091,7884eea4a380976f780eb1a7,dfe6bf1ebd34ff54596c3834,男,56,2019,薄层静脉期,薄层,ambiguous,肉瘤类,0,from_label_4,脂肪肉瘤,data/cache_96slice/tensors/G0091.pt,2
G0093,bec5c60228cb8c75a2cb2846,baef9a6ee6106b9df249ef69,女,59,2021,薄层静脉期,薄层,matched,肉瘤类,0,from_label_4,平滑肌肉瘤,data/cache_96slice/tensors/G0093.pt,2
G0097,a5288b25d813d13c4b7324bd,04759c959fc301c10500b300,女,39,2019,薄层静脉期,薄层,matched,肉瘤类,0,from_label_4,平滑肌肉瘤,data/cache_96slice/tensors/G0097.pt,2
G0100,df59d77ccf7994469ea7fbbf,608a8db9e57ac7bb1c99f0d7,女,39,2019,薄层静脉期,薄层,matched,肉瘤类,0,from_label_4,平滑肌肉瘤,data/cache_96slice/tensors/G0100.pt,2
G0110,009aeb958b70c59407061eaf,f702001edb34c02f95bba3a0,女,55,2023,薄层静脉期,薄层,matched,肉瘤类,0,from_label_4,平滑肌肉瘤,data/cache_96slice/tensors/G0110.pt,2
G0114,de6d79151674b240512bab27,0b932a1fc93dcef786d0dedb,男,62,2024,薄层静脉期,薄层,ambiguous,肉瘤类,0,from_label_4,平滑肌肉瘤,data/cache_96slice/tensors/G0114.pt,2
G0116,761a5dbc69c9cabd86e62b86,a942bb19a6cab7955ad5c906,女,60,2023,薄层静脉期,薄层,ambiguous,肉瘤类,0,from_label_4,平滑肌肉瘤,data/cache_96slice/tensors/G0116.pt,2
G0119,a1c6c671c1198f96453e9477,7929fdf13e35f9a8c38b8476,男,66,2016,薄层静脉期,薄层,ambiguous,肉瘤类,0,from_label_4,平滑肌肉瘤,data/cache_96slice/tensors/G0119.pt,2
G0127,60a2d490d3e089df588ddf63,0865e1dd1ff9af9ad05ea0ef,女,49,2021,薄层静脉期,薄层,matched,肉瘤类,0,from_label_4,平滑肌肉瘤,data/cache_96slice/tensors/G0127.pt,2
G0140,0557c10a57bf3f61d58722c1,2b045c83eb98dbd0102402e5,男,26,2023,薄层静脉期,薄层,matched,良性神经源性肿瘤,1,from_label_4,神经鞘瘤,data/cache_96slice/tensors/G0140.pt,2
G0157,f94deef3a549029c96b03ca5,56d0eea1da203c1303b6e16f,女,57,2023,薄层静脉期,薄层,matched,良性神经源性肿瘤,1,from_label_4,神经鞘瘤,data/cache_96slice/tensors/G0157.pt,2
G0158,510ece5561c1da8618ae0f79,f9beb0b0b1b43ab6afca7a70,男,48,2023,薄层静脉期,薄层,matched,良性神经源性肿瘤,1,from_label_4,神经鞘瘤,data/cache_96slice/tensors/G0158.pt,2
G0160,11adc15a1d0f0bf4ede66188,0b5a06ad9bf3645136d5c7f2,男,37,2021,薄层静脉期,薄层,matched,良性神经源性肿瘤,1,from_label_4,神经鞘瘤,data/cache_96slice/tensors/G0160.pt,2
G0170,379e8093bc790dc8ba0845f1,644e69391ea7092a691f79b7,男,50,2024,薄层静脉期,薄层,matched,良性神经源性肿瘤,1,from_label_4,神经鞘瘤,data/cache_96slice/tensors/G0170.pt,2
G0181,feb580c10619fe97c0f80763,7d9316f70d1f10bce69c77e1,男,63,2021,薄层静脉期,薄层,matched,良性神经源性肿瘤,1,from_label_4,神经鞘瘤,data/cache_96slice/tensors/G0181.pt,2
G0193,705a3e338a539e57d685fad7,c79febd5211f5bd3ec6ec1bc,女,53,2023,薄层静脉期,薄层,matched,良性神经源性肿瘤,1,from_label_4,神经鞘瘤,data/cache_96slice/tensors/G0193.pt,2
G0209,491b906f864b5ffdb109420a,4ddf5941aa2b0983d6b85b36,男,54,2018,薄层静脉期,薄层,matched,良性神经源性肿瘤,1,from_label_4,神经鞘瘤,data/cache_96slice/tensors/G0209.pt,2
G0228,d1bf341e766be77c497338b6,435f85557cff98373ad079f2,女,61,2022,薄层静脉期,薄层,matched,PPGL,2,from_pathology_class,嗜铬细胞瘤,data/cache_96slice/tensors/G0228.pt,2
G0231,913ca12e7e7b8058bd24a84a,896aab1ae472fcebabbf0d02,男,69,2023,薄层静脉期,薄层,matched,PPGL,2,from_pathology_class,嗜铬细胞瘤,data/cache_96slice/tensors/G0231.pt,2
G0255,4416a6cc722c53b4abdf9575,7358debe12b174ff70deaed0,男,59,2019,薄层静脉期,薄层,matched,胃肠道间质瘤,4,from_pathology_class,胃肠道间质瘤,data/cache_96slice/tensors/G0255.pt,2
G0258,948eb64ab35de5a36464e1e7,0731ecc9d09781555b74353c,女,47,2018,薄层静脉期,薄层,matched,胃肠道间质瘤,4,from_pathology_class,胃肠道间质瘤,data/cache_96slice/tensors/G0258.pt,2
G0259,cba83d50bd1cb6aedcbd6191,e23973ee46929ed9f48e0afe,男,64,2020,薄层静脉期,薄层,matched,胃肠道间质瘤,4,from_pathology_class,胃肠道间质瘤,data/cache_96slice/tensors/G0259.pt,2
G0264,2477eec1601b32accac3dcd7,27d41dad57b45a5ad1d879a5,男,56,2020,薄层静脉期,薄层,ambiguous,胃肠道间质瘤,4,from_pathology_class,胃肠道间质瘤,data/cache_96slice/tensors/G0264.pt,2
G0284,af345b69063fba1dbb8a0b75,0d17cbccfa1c3cb69e5511d0,男,82,2023,薄层静脉期,薄层,ambiguous,肉瘤类,0,from_label_4,脂肪肉瘤,data/cache_96slice/tensors/G0284.pt,2
G0286,8232b80e30b55141a2c28e3f,f6b49b504e2c0e0aaf21dab6,男,57,2021,薄层静脉期,薄层,ambiguous,肉瘤类,0,from_label_4,脂肪肉瘤,data/cache_96slice/tensors/G0286.pt,2
G0307,9ab850939267500e32861fc4,67598940145eb7f9ca2ae530,女,53,2018,薄层静脉期,薄层,ambiguous,肉瘤类,0,from_label_4,脂肪肉瘤,data/cache_96slice/tensors/G0307.pt,2
G0312,d971956ce27c01f66acfa92e,59402d565a7bcab8451b9d47,女,69,2023,薄层静脉期,薄层,matched,肉瘤类,0,from_label_4,脂肪肉瘤,data/cache_96slice/tensors/G0312.pt,2
G0318,610b48a1b68dee804fd117a8,c33db86cd75b73ff02519c7b,男,64,2022,薄层静脉期,薄层,matched,肉瘤类,0,from_label_4,脂肪肉瘤,data/cache_96slice/tensors/G0318.pt,2
G0320,a5a45cd46c270fc2b03c870d,9a077bcb7a2c1ee445bf1b96,男,63,2020,薄层静脉期,薄层,matched,肉瘤类,0,from_label_4,脂肪肉瘤,data/cache_96slice/tensors/G0320.pt,2
G0323,3e5135388d2cb0cce498bba0,78958ddfcf12fc615b8a88c4,男,45,2020,薄层静脉期,薄层,matched,肉瘤类,0,from_label_4,脂肪肉瘤,data/cache_96slice/tensors/G0323.pt,2
G0333,d6ace7fb164adb8f3c67b74c,d48d54d3d7717a815b1ce1d8,女,70,2020,薄层静脉期,薄层,matched,肉瘤类,0,from_label_4,脂肪肉瘤,data/cache_96slice/tensors/G0333.pt,2
G0334,2b68a8630eb65e10bdc2ae30,71e47b8c0060db360e0f4989,男,59,2021,薄层静脉期,薄层,matched,肉瘤类,0,from_label_4,脂肪肉瘤,data/cache_96slice/tensors/G0334.pt,2
G0349,bb4a233ecc0e087fa2debed7,38daeef23e66230a643c837a,男,58,2023,薄层静脉期,薄层,matched,肉瘤类,0,from_label_4,脂肪肉瘤,data/cache_96slice/tensors/G0349.pt,2
G0383,5eab0a87b51c5016198700db,ec4e12d1b84dff27621d405f,男,54,2018,薄层静脉期,薄层,ambiguous,肉瘤类,0,from_label_4,脂肪肉瘤,data/cache_96slice/tensors/G0383.pt,2
G0388,354359912b787704d1ae566e,024d14c597eaf09d828c0932,女,48,2024,薄层静脉期,薄层,matched,肉瘤类,0,from_label_4,脂肪肉瘤,data/cache_96slice/tensors/G0388.pt,2
G0394,5d5ccc0c9bfe5ce8e19564fc,5fd63358212b6e1701a398fd,男,74,2023,薄层静脉期,薄层,matched,肉瘤类,0,from_label_4,脂肪肉瘤,data/cache_96slice/tensors/G0394.pt,2
G0399,0ce85d0be6ceaf0fa6a808f6,54a1d0c1de4dbbec1d108486,男,51,2021,薄层静脉期,薄层,matched,肉瘤类,0,from_label_4,脂肪肉瘤,data/cache_96slice/tensors/G0399.pt,2
G0407,cdca44ad53c9b890e434d179,edbe1439611b523d62ca8d71,男,59,2017,薄层静脉期,薄层,matched,PPGL,2,from_label_4,副神经节瘤,data/cache_96slice/tensors/G0407.pt,2
G0408,faf5229f2581475ebeb16566,0481a77b7e7a102330e841ef,女,29,2024,薄层静脉期,薄层,matched,良性神经源性肿瘤,1,from_label_4,节细胞神经瘤,data/cache_96slice/tensors/G0408.pt,2
G0425,20cb32cd94ead8b4ddac8cb6,6f980b0a671dfc294be4ef9a,女,69,2024,薄层静脉期,薄层,matched,PPGL,2,from_pathology_class,嗜铬细胞瘤,data/cache_96slice/tensors/G0425.pt,2
